id,created_at,user_id,data_da_defesa,data_enviado_avaliacao,data_liberacao,data_resultado,status,curso,publicado,data_publicacao
1,2021-02-23 21:55:37.000,4,2020-12-16 14:00:00.000,2021-02-23,2021-02-23,2021-04-16,Aprovado,Geografia,Sim,2021-05-12
2,2021-02-23 22:04:42.000,6,2020-10-27 14:00:00.000,2021-02-23,2021-04-08,2021-04-08,Aprovado,,Sim,2021-05-04
3,2021-02-23 23:28:56.000,7,2020-12-15 14:00:00.000,2021-02-23,2021-03-24,2021-04-12,Aprovado,Geografia,Sim,2021-05-12
4,2021-02-23 23:52:28.000,8,2021-01-21 14:00:00.000,2021-02-24,2021-02-24,2021-04-08,Aprovado,,Sim,2021-05-12
5,2021-02-24 00:12:11.000,9,2021-02-01 14:00:00.000,2021-02-24,2021-04-15,2021-04-15,Aprovado,Geografia,Sim,2021-05-07
6,2021-02-24 12:19:19.000,10,2020-12-01 14:00:00.000,2021-04-05,2021-04-05,2021-04-15,Aprovado,Geografia,Sim,2021-05-04
8,2021-02-24 13:01:47.000,13,2020-12-17 12:59:00.000,2021-02-24,2021-02-24,2021-04-08,Aprovado,,Sim,2021-05-12
9,2021-02-24 13:14:09.000,12,2020-12-10 14:00:00.000,2021-02-24,2021-04-06,2021-04-06,Aprovado,,Sim,2021-05-06
10,2021-02-24 13:34:03.000,15,2020-12-18 14:00:00.000,2021-02-24,2021-04-13,2021-04-13,Aprovado,,Sim,2021-05-12
11,2021-02-24 14:03:49.000,16,2021-01-22 14:00:00.000,2021-02-24,2021-03-20,2021-03-20,Aprovado,Geografia,Sim,2021-05-07
12,2021-02-24 14:13:09.000,17,2020-12-14 14:00:00.000,2021-02-24,2021-04-06,2021-04-06,Aprovado,Geografia,Sim,2021-05-06
13,2021-02-24 14:26:03.000,19,2020-12-11 14:00:00.000,2021-02-24,2021-04-15,2021-04-15,Aprovado,Geografia,Sim,2021-05-06
14,2021-02-24 14:48:49.000,20,2020-12-17 14:00:00.000,2021-04-15,2021-05-18,2021-05-18,Aprovado,Geografia,Sim,2021-05-20
15,2021-02-24 15:06:57.000,21,2019-12-20 14:00:00.000,2021-02-24,2021-05-27,2021-05-27,Aprovado,Geografia,Sim,2021-05-27
16,2021-02-24 15:24:01.000,22,2020-08-17 14:00:00.000,2021-02-24,2021-03-24,2021-03-24,Aprovado,Geografia,Sim,2021-04-23
17,2021-02-24 16:52:43.000,23,2020-12-11 14:00:00.000,2021-02-24,2021-02-24,2021-04-06,Aprovado,Geografia,Sim,2021-05-06
18,2021-02-24 20:25:02.000,27,2020-12-15 20:23:00.000,2021-02-24,2021-02-25,2021-04-15,Aprovado,,Sim,2021-05-12
19,2021-02-24 20:38:05.000,28,2020-12-14 14:00:00.000,2021-02-24,2021-04-15,2021-04-15,Aprovado,,Sim,2021-05-06
20,2021-02-24 20:52:01.000,29,2020-09-30 14:00:00.000,2021-02-24,2021-04-15,2021-04-15,Aprovado,Geografia,Sim,2021-04-30
21,2021-02-25 12:57:10.000,30,2020-12-14 14:00:00.000,2021-04-05,2021-04-05,2021-04-05,Aprovado,,Sim,2021-05-06
22,2021-02-25 13:13:09.000,31,2020-12-19 14:00:00.000,2021-02-25,2021-09-01,2021-09-01,Aprovado,Geografia,Sim,2021-09-22
23,2021-02-25 13:23:56.000,32,2020-11-30 13:22:00.000,2021-02-25,2021-03-24,2021-03-24,Aprovado,,Sim,2021-05-04
24,2021-02-25 13:32:21.000,33,2020-11-27 14:00:00.000,2021-02-25,2021-04-15,2021-04-15,Aprovado,,Sim,2021-05-04
25,2021-02-25 13:37:25.000,34,2020-12-01 14:00:00.000,2021-02-25,2021-04-06,2021-04-06,Aprovado,,Sim,2021-05-06
26,2021-02-25 13:50:49.000,35,2020-10-29 14:00:00.000,2021-02-25,2021-03-20,2021-04-06,Aprovado,Geografia,Sim,2021-05-04
27,2021-02-25 13:57:19.000,36,2020-12-02 14:00:00.000,2021-02-25,2021-02-25,2021-04-15,Aprovado,Geografia,Sim,2021-05-06
28,2021-02-25 14:17:48.000,38,2020-11-26 14:00:00.000,2021-02-25,2021-02-26,2021-04-07,Aprovado,Geografia,Sim,2021-05-04
29,2021-02-25 14:23:40.000,40,2020-10-06 14:00:00.000,2021-02-25,2021-04-08,2021-04-12,Aprovado,,Sim,2021-04-30
30,2021-02-25 14:35:24.000,41,2020-09-09 14:00:00.000,2021-02-25,2021-04-12,2021-04-12,Aprovado,Geografia,Sim,2021-04-30
31,2021-02-25 15:09:14.000,42,2020-12-01 14:00:00.000,2021-02-25,,,Em Elaboração,Letras,Não,
32,2021-02-25 15:16:00.000,43,2020-11-13 14:00:00.000,2021-02-25,2021-04-08,2021-04-08,Aprovado,Geografia,Sim,2021-05-04
33,2021-02-25 15:40:03.000,44,2020-08-31 14:00:00.000,2021-02-25,2021-02-26,2021-04-08,Aprovado,Geografia,Sim,2021-04-27
34,2021-02-25 15:43:37.000,45,2020-09-17 14:00:00.000,2021-02-25,2021-04-12,2021-04-12,Aprovado,Geografia,Sim,2021-04-30
35,2021-02-25 15:49:46.000,46,2020-09-23 14:00:00.000,2021-02-25,2021-02-27,2021-04-07,Aprovado,,Sim,2021-04-30
37,2021-02-25 17:53:08.000,48,2020-10-05 14:00:00.000,2021-02-25,2021-04-15,2021-04-15,Aprovado,Geografia,Sim,2021-04-30
38,2021-02-25 18:01:26.000,49,2020-09-17 14:00:00.000,2021-02-25,2021-03-24,2021-04-16,Aprovado,Geografia,Sim,2022-04-28
39,2021-02-25 18:08:23.000,50,2020-10-07 14:00:00.000,2021-02-25,2021-04-16,2021-04-16,Aprovado,Geografia,Sim,2021-05-04
40,2021-02-25 18:19:18.000,51,2020-08-07 14:00:00.000,2021-02-25,2021-04-08,2021-04-08,Aprovado,Geografia,Sim,2021-04-23
41,2021-02-25 18:23:20.000,52,2020-02-07 14:00:00.000,2021-02-25,,,Em Elaboração,Geografia,Não,
42,2021-02-25 18:28:04.000,53,2020-09-10 14:00:00.000,2021-02-25,2021-03-19,2021-03-19,Aprovado,,Sim,2021-04-30
43,2021-02-25 18:35:37.000,54,2020-08-20 14:00:00.000,2021-02-25,2021-04-06,2021-04-15,Aprovado,Geografia,Sim,2021-04-27
44,2021-02-26 12:15:30.000,55,2020-08-12 14:00:00.000,2021-02-26,2021-04-13,2021-04-13,Aprovado,Geografia,Sim,2021-04-23
45,2021-02-26 12:28:10.000,57,2020-08-22 14:00:00.000,2021-04-15,2021-04-15,2021-04-15,Aprovado,Geografia,Sim,2021-04-27
46,2021-02-26 12:32:28.000,58,2020-09-08 14:00:00.000,2021-02-26,2021-03-17,2021-04-07,Aprovado,Geografia,Sim,2021-04-27
47,2021-02-26 12:37:21.000,59,2020-08-25 14:00:00.000,2021-02-26,2021-04-07,2021-04-07,Aprovado,Geografia,Sim,2021-04-27
48,2021-02-26 12:43:07.000,60,2020-08-19 14:00:00.000,2021-02-26,2021-02-26,2021-04-16,Aprovado,,Sim,2021-04-27
49,2021-02-26 12:50:23.000,61,2020-12-02 14:00:00.000,2021-02-26,2021-04-07,2021-04-07,Aprovado,Geografia,Sim,2021-05-06
50,2021-02-26 12:56:43.000,62,2020-07-31 14:00:00.000,2021-02-26,2021-02-26,2021-04-08,Aprovado,Geografia,Sim,2021-04-22
51,2021-02-26 13:06:32.000,63,2020-07-31 14:00:00.000,2021-02-26,2021-04-06,2021-04-12,Aprovado,Geografia,Sim,2021-04-22
52,2021-02-26 13:15:37.000,64,2020-08-14 14:00:00.000,2021-02-26,2021-04-06,2021-04-06,Aprovado,Geografia,Sim,2021-04-23
53,2021-02-26 13:22:43.000,65,2020-08-24 14:00:00.000,2021-02-26,2021-04-13,2021-04-13,Aprovado,,Sim,2021-04-27
54,2021-02-26 13:33:06.000,66,2019-12-03 14:00:00.000,2021-02-26,2021-04-16,2021-04-16,Aprovado,Geografia,Sim,2021-04-19
55,2021-02-26 13:39:39.000,67,2020-06-30 14:00:00.000,2021-02-26,2021-04-15,2021-04-15,Aprovado,,Sim,2021-04-22
56,2021-02-26 13:44:38.000,68,2019-12-20 14:00:00.000,2021-10-01,2021-10-01,2021-10-01,Aprovado,,Sim,2021-10-27
57,2021-02-26 13:50:43.000,69,2020-08-03 14:00:00.000,2021-02-26,2021-04-13,2021-04-13,Aprovado,Geografia,Sim,2021-04-23
58,2021-02-26 13:56:02.000,70,2020-01-14 14:00:00.000,2021-02-26,2021-02-26,2021-02-26,Aprovado,Geografia,Sim,2021-04-19
59,2021-02-26 14:01:36.000,71,2020-07-03 14:00:00.000,2021-02-26,2021-04-07,2021-04-07,Aprovado,Geografia,Sim,2021-04-22
60,2021-02-26 14:08:32.000,72,2020-07-03 14:00:00.000,2021-02-26,2021-03-22,,Aprovado C/ Correções,,Não,
61,2021-02-26 14:14:02.000,73,2020-01-30 14:00:00.000,2021-02-26,,,Em Elaboração,,Não,
62,2021-02-26 14:19:16.000,75,2019-12-17 14:00:00.000,2021-02-26,2021-02-26,2021-02-26,Aprovado,Geografia,Sim,2021-04-16
63,2021-02-26 14:26:05.000,76,2020-07-06 14:00:00.000,2021-02-26,2021-02-26,2021-04-13,Aprovado,,Sim,2021-04-22
64,2021-02-26 15:24:25.000,77,2020-04-23 14:00:00.000,2021-02-26,2021-04-13,2021-04-13,Aprovado,Geografia,Sim,2021-04-19
65,2021-02-26 15:30:26.000,78,2020-06-30 14:00:00.000,2021-02-26,2021-04-06,2021-04-06,Aprovado,,Sim,2021-04-22
66,2021-02-26 15:33:42.000,79,2020-05-21 14:00:00.000,2021-02-26,2021-04-15,2021-04-15,Aprovado,,Sim,2021-04-22
67,2021-02-26 15:37:38.000,80,2020-03-16 14:00:00.000,2021-02-26,2021-04-07,2021-04-07,Aprovado,,Sim,2021-04-19
68,2021-02-26 15:45:40.000,81,2020-03-17 14:00:00.000,2021-02-26,2021-04-06,2021-04-06,Aprovado,Geografia,Sim,2021-04-19
70,2021-02-26 15:51:37.000,82,2020-06-29 14:00:00.000,2021-02-26,2021-03-20,2021-04-05,Aprovado,,Sim,2021-04-22
71,2021-02-26 15:56:23.000,83,2020-03-16 14:00:00.000,2021-02-26,2021-04-16,2021-04-16,Aprovado,,Sim,2021-04-19
72,2021-02-26 16:05:31.000,85,2020-05-16 14:00:00.000,2021-02-26,2021-04-07,2021-04-07,Aprovado,Geografia,Sim,2021-04-22
73,2021-02-26 16:10:50.000,86,2020-01-30 14:00:00.000,2021-02-26,,,Em Elaboração,,Não,
74,2021-02-26 16:26:56.000,87,2019-12-12 14:00:00.000,2021-02-26,,,Em Elaboração,Geografia,Não,
75,2021-02-26 16:31:06.000,89,2020-02-28 14:00:00.000,2021-02-26,,,Em Elaboração,,Não,
76,2021-02-26 22:01:05.000,92,2020-12-22 14:00:00.000,2021-02-26,2021-04-12,2021-04-12,Aprovado,,Sim,2021-05-12
77,2021-02-26 22:07:08.000,93,2020-12-16 14:00:00.000,2021-02-26,2021-02-27,2021-04-06,Aprovado,Geografia,Sim,2021-05-12
79,2021-03-02 14:58:06.000,11,2021-01-28 14:00:00.000,2021-03-02,2021-04-07,2021-04-07,Aprovado,Geografia,Sim,2021-05-07
80,2021-03-02 15:04:42.000,100,2020-12-08 14:00:00.000,2021-03-02,2021-04-06,2021-04-06,Aprovado,Geografia,Sim,2021-05-06
81,2021-03-02 15:09:34.000,37,2020-03-17 14:00:00.000,2021-03-02,2021-04-12,2021-04-12,Aprovado,Geografia,Sim,2021-04-19
82,2021-03-02 15:14:15.000,56,2020-09-16 14:00:00.000,2021-03-02,,,Em Elaboração,Geografia,Não,
83,2021-03-02 15:19:10.000,84,2019-01-13 14:00:00.000,2022-07-27,2022-07-27,2022-07-27,Aprovado,Geografia,Sim,2022-12-01
87,2021-03-12 12:42:35.000,104,2021-03-12 12:41:00.000,2021-03-12,2021-03-12,2021-05-19,Aprovado,Geografia,Sim,2021-05-20
88,2021-03-12 15:32:36.000,109,2021-03-23 10:00:00.000,2021-03-22,2021-03-22,2021-03-31,Aprovado,Geografia,Sim,2021-05-14
89,2021-03-12 21:16:05.000,108,2021-03-18 18:00:00.000,2021-04-13,2021-04-13,2021-04-13,Aprovado,Geografia,Sim,2021-05-12
92,2021-03-13 21:27:13.000,121,2021-03-25 15:00:00.000,2021-03-15,2021-03-15,2021-04-08,Aprovado,Geografia,Sim,2021-05-14
94,2021-03-15 14:05:13.000,124,2021-02-10 16:00:00.000,2021-03-29,2021-04-06,2021-04-07,Aprovado,,Sim,2021-05-07
96,2021-03-15 17:03:09.000,47,2020-10-16 14:00:00.000,2021-03-15,2021-04-08,2021-04-08,Aprovado,,Sim,2021-05-04
97,2021-03-15 20:14:52.000,127,2021-03-22 18:00:00.000,2021-03-15,2021-03-24,2021-03-26,Aprovado,Geografia,Sim,2021-05-14
99,2021-03-17 14:31:19.000,132,2021-03-25 14:00:00.000,2021-03-18,2021-03-25,2021-04-05,Aprovado,Geografia,Sim,2021-05-14
100,2021-03-17 21:39:38.000,130,2021-03-25 18:00:00.000,2021-03-17,2021-03-18,2021-03-25,Aprovado,Geografia,Sim,2021-05-18
101,2021-03-18 11:56:43.000,125,2021-03-23 10:00:00.000,2021-03-25,2021-03-25,2021-04-08,Aprovado,Geografia,Sim,2021-05-14
102,2021-03-18 23:07:55.000,136,2021-03-20 00:00:00.000,2021-03-18,2021-03-18,2021-04-15,Aprovado,Geografia,Sim,2021-05-14
103,2021-03-18 23:22:35.000,138,2021-03-11 14:30:00.000,2021-04-30,2021-05-19,2021-05-24,Aprovado,Geografia,Sim,2021-05-27
104,2021-03-18 23:26:14.000,137,2021-03-23 10:00:00.000,2021-03-18,2021-03-19,2021-03-23,Aprovado,Geografia,Sim,2021-05-14
105,2021-03-19 18:47:46.000,133,2021-03-23 15:00:00.000,2021-03-22,,,Em Elaboração,Geografia,Não,
106,2021-03-19 22:26:14.000,142,2021-03-22 12:00:00.000,,2021-03-22,,Em Avaliação,Geografia,Não,
107,2021-03-21 15:26:37.000,146,2021-03-23 14:00:00.000,2021-03-22,2021-03-22,,Aprovado C/ Correções,Geografia,Não,
108,2021-03-22 19:21:15.000,149,2021-03-25 19:15:00.000,2021-03-22,2021-04-07,2021-04-26,Aprovado,Geografia,Sim,2021-05-18
112,2021-03-23 22:58:26.000,151,2021-04-06 14:00:00.000,2021-03-23,2021-04-05,2021-04-16,Aprovado,Geografia,Sim,2021-05-18
113,2021-03-24 21:01:12.000,141,2021-03-25 14:00:00.000,2021-03-25,2021-03-25,2022-01-03,Aprovado,Geografia,Sim,2022-03-18
114,2021-03-25 00:41:02.000,154,2021-03-25 18:00:00.000,,,,Em Elaboração,Geografia,Não,
115,2021-03-25 00:43:11.000,154,2021-03-25 18:00:00.000,,,,Em Elaboração,Geografia,Não,
116,2021-04-01 13:52:21.000,152,2021-04-08 18:00:00.000,2021-04-01,2021-04-06,2021-07-27,Aprovado,Geografia,Sim,2021-08-05
118,2021-04-01 14:22:48.000,134,2021-04-15 17:00:00.000,2021-04-01,2021-04-06,2021-07-19,Aprovado,Geografia,Sim,2021-08-05
119,2021-04-05 16:48:05.000,129,2021-04-12 14:00:00.000,2021-04-05,2021-04-05,2021-04-13,Aprovado,Geografia,Sim,2021-05-18
120,2021-04-05 17:02:49.000,160,2020-01-01 14:00:00.000,2021-04-05,2021-04-05,2021-04-05,Aprovado,,Sim,2021-04-16
121,2021-04-05 17:14:53.000,161,2020-01-01 14:00:00.000,2021-04-05,2021-04-05,2021-04-05,Aprovado,,Sim,2021-04-16
122,2021-04-05 17:20:41.000,163,2020-01-01 14:00:00.000,2021-04-05,2021-04-05,2021-04-05,Aprovado,,Sim,2021-04-16
123,2021-04-05 17:49:00.000,115,2021-03-19 17:45:00.000,2021-04-05,2021-04-06,2021-08-04,Aprovado,Geografia,Sim,2021-09-22
124,2021-04-05 19:15:11.000,162,2020-01-27 19:00:00.000,2021-04-05,2021-04-05,2021-04-05,Aprovado,,Sim,2021-04-19
125,2021-04-06 22:57:34.000,168,2021-04-12 22:00:00.000,2021-04-06,2021-04-07,2021-04-12,Aprovado,,Sim,2021-05-18
126,2021-04-06 23:21:21.000,169,2020-09-29 15:00:00.000,2021-04-06,2021-04-08,2021-04-08,Aprovado,Geografia,Sim,2021-04-30
127,2021-04-06 23:48:48.000,156,2021-03-25 18:00:00.000,2021-04-08,2021-04-08,2021-05-27,Aprovado,Geografia,Sim,2022-02-03
128,2021-04-07 14:55:28.000,170,2019-01-01 14:50:00.000,2021-04-07,2021-04-07,2021-04-07,Aprovado,Geografia,Sim,2021-04-16
129,2021-04-07 16:37:44.000,116,2021-03-04 16:00:00.000,2021-04-08,2021-04-08,2021-04-08,Aprovado,Geografia,Sim,2021-05-07
130,2021-04-07 17:19:06.000,172,2020-01-01 14:00:00.000,2021-04-07,2021-04-07,2021-04-07,Aprovado,,Sim,2021-04-16
131,2021-04-07 17:25:25.000,173,2020-01-01 14:00:00.000,2021-04-07,2021-04-07,2021-04-07,Aprovado,,Sim,2021-04-16
132,2021-04-07 17:35:40.000,174,2020-01-01 14:00:00.000,2021-04-07,2021-04-07,2021-04-15,Aprovado,,Sim,2021-04-16
133,2021-04-07 17:42:41.000,175,2020-01-01 14:00:00.000,2021-04-07,2021-04-07,2021-04-07,Aprovado,Geografia,Sim,2021-04-16
134,2021-04-07 17:48:02.000,176,2020-01-01 14:00:00.000,2021-04-07,2021-04-07,2021-04-08,Aprovado,Geografia,Sim,2021-04-16
135,2021-04-07 17:54:20.000,177,2018-01-01 14:00:00.000,2021-04-07,2021-04-07,2021-04-07,Aprovado,,Sim,2021-04-16
136,2021-04-07 20:43:01.000,158,2021-04-20 20:35:00.000,2021-04-07,2021-04-07,2021-07-02,Aprovado,Geografia,Sim,2021-08-05
137,2021-04-09 01:25:09.000,181,2021-03-26 18:00:00.000,2021-08-16,2021-08-16,2021-08-16,Aprovado,Geografia,Sim,2021-09-22
138,2021-04-09 13:46:06.000,183,2020-03-20 14:00:00.000,2021-04-09,2021-04-09,2021-04-09,Aprovado,Geografia,Sim,2021-04-19
139,2021-04-09 15:03:56.000,184,2021-03-26 12:00:00.000,2021-04-09,2021-04-20,2021-04-20,Aprovado,Geografia,Sim,2021-05-18
141,2021-04-17 23:19:49.000,189,2020-11-27 11:00:00.000,2021-04-17,2021-04-19,2021-04-19,Aprovado,Letras,Sim,2021-05-04
142,2021-04-19 18:12:55.000,193,2021-05-04 14:30:00.000,2021-04-19,2021-04-19,2021-06-25,Aprovado,Geografia,Sim,2021-08-05
143,2021-04-20 19:58:35.000,191,2020-01-30 16:00:00.000,2021-04-20,2021-04-25,2021-04-25,Aprovado,Geografia,Sim,2021-04-30
144,2021-04-22 17:16:03.000,195,2021-04-26 17:15:00.000,2021-04-26,2021-04-26,2021-05-17,Aprovado,Geografia,Sim,2021-05-18
145,2021-04-28 12:23:06.000,198,2021-05-17 15:00:00.000,2021-05-19,2021-05-19,2021-06-17,Aprovado,Geografia,Sim,2021-08-05
146,2021-05-04 23:29:14.000,200,2021-05-12 16:00:00.000,2021-05-06,2021-05-06,2021-08-23,Aprovado,Geografia,Sim,2021-09-22
147,2021-05-05 19:54:52.000,201,2021-05-11 17:00:00.000,2021-12-03,2021-12-03,2021-12-07,Aprovado,Geografia,Sim,2022-03-18
148,2021-05-05 20:13:10.000,122,2021-05-07 15:00:00.000,2021-05-06,2021-05-06,,Aprovado C/ Correções,Geografia,Não,
149,2021-05-07 02:52:51.000,199,2021-05-14 17:00:00.000,2021-05-07,2021-05-07,2021-11-01,Aprovado,Geografia,Sim,2021-11-12
150,2021-05-11 22:19:49.000,204,2021-05-21 12:00:00.000,2021-05-11,2021-06-02,,Aprovado C/ Correções,Geografia,Não,
151,2021-05-19 01:18:17.000,208,2021-03-26 14:00:00.000,2021-07-22,2021-07-23,2021-07-23,Aprovado,Geografia,Sim,2021-08-05
152,2021-05-21 18:43:08.000,211,2021-03-09 18:36:00.000,2021-05-24,2021-05-24,2021-05-26,Aprovado,Geografia,Sim,2021-05-27
153,2021-05-21 20:55:28.000,212,2021-05-27 10:00:00.000,2021-05-21,2021-05-28,,Aprovado C/ Correções,Geografia,Não,
154,2021-05-26 08:25:57.000,213,2021-03-24 15:00:00.000,2021-10-11,2021-10-15,2021-10-15,Aprovado,Letras,Sim,2021-10-27
155,2021-05-27 18:38:00.000,155,2021-05-27 10:00:00.000,,,,Em Elaboração,,Não,
157,2021-06-01 11:44:00.000,215,2021-06-07 14:00:00.000,2021-06-01,2021-06-01,2021-06-18,Aprovado,Geografia,Sim,2021-09-22
158,2021-06-07 16:00:35.000,106,2020-10-22 15:56:00.000,2021-08-12,2021-08-12,2021-08-12,Aprovado,Geografia,Sim,2021-09-22
159,2021-06-09 21:26:31.000,218,2021-06-08 14:00:00.000,2021-06-09,2021-06-09,2021-07-19,Aprovado,Geografia,Sim,2021-09-22
160,2021-06-10 21:08:29.000,190,2021-06-18 17:00:00.000,2021-06-10,2021-06-10,2021-06-19,Aprovado,Geografia,Sim,2021-09-22
161,2021-06-10 22:57:40.000,219,2021-06-14 19:00:00.000,2021-06-10,2023-08-08,2023-08-08,Aprovado,Geografia,Não,
162,2021-06-11 16:52:41.000,220,2021-06-11 16:50:00.000,2021-06-11,2021-06-16,2021-06-22,Aprovado,Geografia,Sim,2021-09-22
163,2021-06-12 21:17:18.000,221,2021-06-11 16:30:00.000,2021-06-14,2021-06-14,2021-06-15,Aprovado,Geografia,Sim,2021-09-22
164,2021-06-14 21:58:18.000,217,2021-06-02 16:55:00.000,2021-06-15,2021-07-16,2021-07-16,Aprovado,Geografia,Sim,2021-09-22
165,2021-06-15 19:08:14.000,225,2020-08-25 08:00:00.000,2021-06-15,2021-06-15,2021-06-15,Aprovado,,Sim,2021-09-22
167,2021-06-22 01:45:26.000,222,2021-07-07 15:00:00.000,2021-06-22,2021-06-22,2021-08-17,Aprovado,Geografia,Sim,2021-09-22
168,2021-06-23 13:04:59.000,187,2021-04-29 15:00:00.000,2021-06-23,2021-06-23,2021-06-25,Aprovado,Geografia,Sim,2021-08-05
169,2021-06-23 20:17:27.000,228,2021-06-30 14:00:00.000,2021-06-23,2021-06-24,,Aprovado C/ Correções,Geografia,Não,
170,2021-07-01 02:36:12.000,233,2021-08-05 16:00:00.000,2021-07-01,2021-07-01,2021-09-17,Aprovado,Geografia,Sim,2021-10-27
171,2021-07-02 01:37:16.000,232,2021-07-12 15:00:00.000,2021-07-02,2021-07-02,2021-07-21,Aprovado,Geografia,Sim,2021-09-22
172,2021-07-07 14:27:13.000,230,2021-07-27 14:00:00.000,2021-07-07,2021-07-07,2021-08-21,Aprovado,Geografia,Sim,2021-09-22
174,2021-07-19 15:33:10.000,236,2021-07-20 15:00:00.000,2021-07-20,2021-07-22,2021-08-26,Aprovado,Geografia,Sim,2021-09-22
175,2021-07-20 22:24:59.000,235,2021-07-23 10:00:00.000,2021-10-01,2022-10-31,2022-10-31,Aprovado,Geografia,Sim,2022-11-07
176,2021-07-21 11:32:04.000,210,2021-08-16 11:00:00.000,2021-08-03,2021-08-04,2021-08-16,Aprovado,Geografia,Sim,2021-11-12
178,2021-07-23 18:09:42.000,239,2021-07-30 17:00:00.000,2021-07-26,2021-07-28,,Aprovado C/ Correções,Geografia,Não,
179,2021-07-26 15:05:04.000,234,2021-07-23 17:30:00.000,2022-02-15,2022-02-15,2022-03-29,Aprovado,Geografia,Sim,2022-05-04
180,2021-07-27 14:44:48.000,240,2021-08-15 16:00:00.000,2021-07-29,2021-07-29,,Aprovado C/ Correções,Geografia,Não,
182,2021-07-29 15:27:10.000,243,2021-08-06 08:00:00.000,2021-07-29,2021-07-29,2021-08-06,Aprovado,Geografia,Sim,2021-10-27
183,2021-07-30 15:54:15.000,245,2021-08-11 10:00:00.000,2021-08-03,2021-08-03,2021-08-11,Aprovado,Geografia,Sim,2021-10-27
185,2021-08-03 15:56:22.000,246,2021-08-12 11:00:00.000,2021-08-03,2021-08-03,2021-08-13,Aprovado,Geografia,Sim,2021-10-27
186,2021-08-04 16:03:11.000,248,2021-09-06 15:00:00.000,2021-09-13,2021-09-14,2021-09-22,Aprovado,Geografia,Sim,2021-12-04
187,2021-08-04 19:05:04.000,251,2021-08-13 14:30:00.000,2021-08-04,2021-08-09,2021-09-17,Aprovado,Geografia,Sim,2021-10-27
188,2021-08-04 20:10:17.000,253,2021-08-23 17:00:00.000,2021-08-04,2021-08-23,2021-08-23,Aprovado,Geografia,Sim,2021-11-12
189,2021-08-05 22:45:22.000,247,2021-08-19 10:00:00.000,2021-08-06,2021-08-07,2021-10-06,Aprovado,Geografia,Sim,2021-11-12
190,2021-08-06 01:27:10.000,254,2021-08-23 20:00:00.000,2021-08-06,2021-09-09,2021-09-09,Aprovado,Geografia,Sim,2021-11-12
191,2021-08-06 21:16:50.000,255,2021-08-06 21:20:00.000,2021-08-06,2021-08-06,2021-08-10,Aprovado,Geografia,Sim,2021-10-27
192,2021-08-11 19:04:30.000,118,2021-08-23 14:30:00.000,2021-08-11,2021-08-20,2021-08-24,Aprovado,Geografia,Sim,2021-11-12
194,2021-08-12 23:13:25.000,258,2021-08-18 14:00:00.000,2021-09-20,2021-10-05,2021-10-05,Aprovado,Geografia,Sim,2021-11-12
195,2021-08-13 20:51:38.000,259,2021-08-20 08:00:00.000,2021-08-13,2021-08-17,2021-08-20,Aprovado,Geografia,Sim,2021-11-12
196,2021-08-15 16:59:22.000,260,2021-09-06 17:50:00.000,2021-08-16,2021-08-17,2021-09-08,Aprovado,Geografia,Sim,2021-12-04
197,2021-08-18 23:32:38.000,264,2021-08-19 17:30:00.000,2021-08-19,2021-08-19,2022-06-29,Aprovado,Geografia,Sim,2022-12-01
198,2021-08-20 19:38:02.000,250,2021-08-30 12:00:00.000,2021-08-20,2021-08-22,2021-10-18,Aprovado,Geografia,Sim,2021-11-12
199,2021-08-21 22:07:00.000,266,2021-08-30 20:00:00.000,2021-08-21,2021-08-21,2021-10-19,Aprovado,Geografia,Sim,2021-12-03
200,2021-08-23 12:30:22.000,268,2021-09-13 17:00:00.000,2021-12-08,2021-12-08,2021-12-08,Aprovado,Geografia,Sim,2022-03-18
201,2021-08-23 19:35:57.000,269,2021-08-30 16:00:00.000,2021-08-23,2021-08-30,2021-09-02,Aprovado,Geografia,Sim,2021-11-12
204,2021-08-24 15:14:31.000,261,2021-08-30 12:00:00.000,2021-08-24,2021-08-24,2021-08-30,Aprovado,Geografia,Sim,2021-11-12
205,2021-08-25 03:54:33.000,270,2021-08-30 12:00:00.000,2021-08-25,2021-08-26,2021-09-20,Aprovado,Geografia,Sim,2021-11-12
206,2021-08-25 14:31:50.000,271,2021-09-09 10:00:00.000,2021-08-25,2021-08-26,2021-09-27,Aprovado,Geografia,Sim,2021-12-04
207,2021-08-25 16:17:42.000,267,2021-08-30 16:16:00.000,2021-08-26,2021-08-26,2021-09-20,Aprovado,Geografia,Sim,2021-12-03
208,2021-08-26 17:55:47.000,272,2021-08-30 10:00:00.000,2021-08-26,2021-08-27,2021-08-30,Aprovado,Geografia,Sim,2021-11-12
209,2021-08-27 16:30:24.000,275,2021-08-30 17:00:00.000,2021-08-28,2021-08-30,2021-09-02,Aprovado,Geografia,Sim,2021-12-03
211,2021-08-30 16:34:46.000,276,2021-09-11 12:00:00.000,2021-08-30,2021-08-30,2021-09-08,Aprovado,Geografia,Sim,2022-02-03
212,2021-08-30 17:11:52.000,277,2021-08-30 15:00:00.000,2021-08-30,2021-08-30,2021-08-30,Aprovado,Geografia,Sim,2021-11-12
214,2021-09-01 16:23:37.000,279,2021-09-09 14:00:00.000,2021-09-01,2021-09-03,2021-09-03,Aprovado,Geografia,Sim,2021-12-04
215,2021-09-02 02:52:49.000,280,2021-09-11 19:45:00.000,2021-09-02,2021-09-09,2021-11-09,Aprovado,Geografia,Sim,2022-02-03
216,2021-09-04 01:05:05.000,281,2021-09-11 18:00:00.000,2021-09-04,2021-09-07,2021-09-14,Aprovado,Geografia,Sim,2022-02-03
217,2021-09-07 18:54:07.000,282,2021-09-12 18:46:00.000,2021-09-07,2021-09-07,2021-09-10,Aprovado,Geografia,Sim,2022-02-03
218,2021-09-08 21:13:45.000,283,2021-09-12 10:00:00.000,2021-09-09,2021-09-09,2021-11-09,Aprovado,Geografia,Sim,2022-02-03
219,2021-09-09 11:25:21.000,303,2021-09-13 20:00:00.000,2021-09-09,2021-09-09,2021-11-09,Aprovado,Geografia,Sim,2022-02-03
220,2021-09-09 13:06:32.000,304,2021-09-09 12:57:00.000,2021-09-13,2021-09-13,,Aprovado C/ Correções,Geografia,Não,
221,2021-09-09 14:54:54.000,305,2021-09-13 20:00:00.000,2021-11-29,2021-11-29,2021-11-29,Aprovado,Geografia,Sim,2022-03-18
222,2021-09-09 18:52:23.000,257,2021-09-13 14:00:00.000,2021-09-09,2021-09-09,2021-09-13,Aprovado,Geografia,Sim,2022-02-03
223,2021-09-10 20:11:29.000,328,2021-09-13 14:00:00.000,2021-09-10,2021-09-13,2021-09-13,Aprovado,Geografia,Sim,2022-02-03
224,2021-09-11 03:46:44.000,329,2021-09-14 17:00:00.000,2021-09-13,2021-09-13,2021-10-12,Aprovado,Geografia,Sim,2022-02-03
225,2021-09-13 12:26:46.000,284,2021-09-17 13:00:00.000,2021-09-14,2021-09-14,2021-09-17,Aprovado,Geografia,Sim,2022-02-03
226,2021-09-13 14:06:37.000,330,2021-09-14 13:48:00.000,2021-09-13,2021-09-14,2021-09-14,Aprovado,Geografia,Sim,2022-02-03
227,2021-09-14 17:27:13.000,113,2021-02-05 08:00:00.000,2021-09-14,2021-09-15,2021-09-15,Aprovado,Geografia,Sim,2021-09-23
228,2021-09-22 16:37:57.000,331,2021-10-04 12:00:00.000,2021-09-22,2021-09-22,2021-10-06,Aprovado,Geografia,Sim,2022-02-03
230,2021-10-05 21:11:20.000,332,2021-10-20 14:00:00.000,2021-10-05,2021-10-05,,Aprovado C/ Correções,Geografia,Não,
231,2021-10-07 18:27:56.000,333,2021-10-10 12:00:00.000,2021-10-15,2021-10-15,2021-11-08,Aprovado,Geografia,Sim,2022-02-03
232,2021-10-15 14:04:08.000,334,2021-10-15 09:00:00.000,2021-10-18,2021-10-18,2021-10-18,Aprovado,Geografia,Sim,2022-02-03
233,2021-10-15 16:36:08.000,335,2021-02-18 16:30:00.000,2021-10-15,2021-10-18,2021-10-18,Aprovado,Geografia,Sim,2021-11-12
234,2021-10-15 19:18:50.000,336,2021-03-15 19:11:00.000,2021-10-18,2021-10-18,2021-10-18,Aprovado,Geografia,Sim,2021-11-12
235,2021-10-16 11:17:07.000,337,2021-10-15 14:00:00.000,2021-10-16,2021-10-16,2021-10-16,Aprovado,Geografia,Sim,2022-02-03
236,2021-10-18 21:52:09.000,333,2021-10-18 21:50:00.000,,,,Em Elaboração,Geografia,Não,
237,2021-11-13 22:15:37.000,285,2021-10-05 18:00:00.000,2021-11-13,2021-11-14,2021-11-14,Aprovado,Geografia,Sim,2022-02-03
238,2021-11-16 15:14:09.000,338,2021-11-30 19:00:00.000,2021-12-06,2021-12-06,,Aprovado C/ Correções,Geografia,Não,
239,2021-11-18 14:30:09.000,339,2021-12-06 12:00:00.000,2021-11-18,2021-11-18,2021-12-13,Aprovado,Geografia,Sim,2022-02-03
240,2021-11-24 16:22:44.000,340,2021-12-09 19:30:00.000,2021-11-24,2021-11-24,2021-12-12,Aprovado,Geografia,Sim,2022-02-03
241,2021-11-26 00:12:14.000,342,2021-12-15 20:00:00.000,2021-11-26,2021-11-26,2022-01-25,Aprovado,Geografia,Sim,2022-03-18
243,2021-11-29 18:30:06.000,343,2021-12-17 18:20:00.000,2021-12-02,2021-12-02,2022-01-19,Aprovado,Geografia,Sim,2022-03-18
244,2021-12-02 11:19:41.000,345,2021-12-08 14:00:00.000,2021-12-02,2022-01-13,2022-01-13,Aprovado,Geografia,Sim,2022-02-03
246,2021-12-05 15:54:49.000,346,2021-12-13 17:00:00.000,2021-12-05,2021-12-05,2022-02-02,Aprovado,Geografia,Sim,2022-03-18
247,2021-12-06 22:22:59.000,348,2021-12-06 22:16:00.000,2021-12-07,2021-12-08,2022-01-03,Aprovado,Geografia,Sim,2022-02-03
248,2021-12-06 22:24:51.000,348,2021-12-06 22:16:00.000,,,,Em Elaboração,Geografia,Não,
249,2021-12-10 00:19:20.000,350,2021-12-13 16:00:00.000,2022-01-14,2022-01-20,2022-01-24,Aprovado,Geografia,Sim,2022-03-18
250,2021-12-10 19:01:57.000,351,2022-01-10 12:00:00.000,2021-12-10,2021-12-10,2022-01-11,Aprovado,Geografia,Sim,2022-04-29
251,2021-12-13 12:35:10.000,352,2021-12-21 09:00:00.000,2022-01-17,2022-01-17,2022-01-17,Aprovado,Geografia,Sim,2022-03-18
252,2021-12-14 20:36:57.000,353,2021-12-15 19:00:00.000,2021-12-15,2021-12-15,,Aprovado C/ Correções,Geografia,Não,
253,2021-12-15 15:02:19.000,304,2021-12-20 14:59:00.000,2021-12-15,2021-12-15,2021-12-15,Aprovado,Geografia,Sim,2022-02-03
254,2021-12-15 16:10:44.000,354,2021-12-21 18:00:00.000,2022-01-04,2022-01-10,2022-01-10,Aprovado,Geografia,Sim,2022-02-03
255,2021-12-15 18:55:58.000,355,2020-04-03 18:50:00.000,2021-12-15,2021-12-22,2021-12-22,Aprovado,Geografia,Sim,2022-03-18
256,2021-12-17 14:05:21.000,357,2021-12-22 14:00:00.000,2022-01-05,2022-01-05,2022-01-05,Aprovado,Geografia,Sim,2022-02-03
257,2022-01-04 18:02:26.000,382,2022-01-05 19:30:00.000,2022-01-05,2022-01-06,2022-01-12,Aprovado,Geografia,Sim,2022-03-18
258,2022-01-05 19:21:52.000,384,2021-12-16 14:00:00.000,2022-03-11,2022-04-04,2022-04-04,Aprovado,Letras,Sim,2022-04-28
259,2022-01-06 17:27:50.000,385,2022-01-07 18:00:00.000,2022-01-06,2022-01-07,2022-01-07,Aprovado,Geografia,Sim,2022-04-28
260,2022-01-08 21:07:45.000,386,2021-12-22 09:00:00.000,2022-01-09,2022-01-09,2022-01-09,Aprovado,Geografia,Sim,2022-02-03
261,2022-01-10 19:41:58.000,387,2022-01-18 14:30:00.000,2022-01-31,2022-01-31,2022-03-16,Aprovado,Letras,Sim,2022-04-28
262,2022-01-11 15:41:23.000,389,2022-01-07 15:33:00.000,2022-01-12,2022-01-12,2022-01-13,Aprovado,Geografia,Sim,2022-03-18
264,2022-01-12 17:44:03.000,119,2021-03-25 12:00:00.000,2022-01-12,2022-01-12,2022-01-12,Aprovado,Geografia,Sim,2022-02-03
265,2022-01-13 12:50:33.000,390,2022-01-20 10:00:00.000,2022-01-17,2022-01-17,2022-01-21,Aprovado,Geografia,Sim,2022-04-29
266,2022-01-18 19:17:03.000,391,2022-01-20 18:00:00.000,2022-02-02,2022-02-02,2022-05-14,Aprovado,Geografia,Sim,2022-06-22
268,2022-01-20 10:58:31.000,393,2022-01-27 18:00:00.000,2022-01-20,2022-01-27,,Aprovado C/ Correções,Geografia,Não,
269,2022-01-20 22:48:50.000,395,2022-01-21 16:00:00.000,2022-01-21,2022-01-21,2022-01-21,Aprovado,Geografia,Sim,2022-04-29
271,2022-01-21 12:09:24.000,394,2022-02-07 14:00:00.000,2022-05-04,2022-05-04,2022-05-04,Aprovado,Geografia,Sim,2022-06-22
272,2022-01-21 12:22:18.000,397,2022-03-08 16:00:00.000,2022-02-01,2022-02-23,2022-03-21,Aprovado,Geografia,Sim,2022-05-25
273,2022-01-21 20:24:39.000,398,2022-02-03 14:00:00.000,2022-01-21,2022-03-03,2022-03-04,Aprovado,Geografia,Sim,2022-04-29
274,2022-01-24 14:01:50.000,349,2022-02-15 14:00:00.000,2022-01-24,2022-02-09,2022-03-15,Aprovado,Geografia,Sim,2022-05-02
275,2022-01-26 13:11:08.000,400,2020-09-16 17:00:00.000,2022-01-26,2022-01-26,2022-01-28,Aprovado,Geografia,Sim,2022-03-18
276,2022-01-26 15:19:34.000,401,2022-01-26 15:05:00.000,2022-05-05,2022-05-05,2022-05-05,Aprovado,Geografia,Sim,2022-05-19
277,2022-01-26 16:14:31.000,402,2022-01-26 16:11:00.000,2022-04-07,2022-04-07,2022-04-07,Aprovado,Geografia,Sim,2022-04-28
279,2022-01-29 03:32:35.000,404,2022-02-19 16:00:00.000,2022-01-31,2022-01-31,2022-02-20,Aprovado,Geografia,Sim,2022-04-28
280,2022-01-30 20:32:51.000,392,2022-02-17 16:00:00.000,2022-01-30,2022-02-02,2022-02-23,Aprovado,Geografia,Sim,2022-04-29
281,2022-02-04 23:46:37.000,406,2021-01-11 14:00:00.000,2022-02-04,2022-02-17,2022-02-17,Aprovado,Letras,Sim,2022-03-02
282,2022-02-08 18:14:53.000,409,2022-02-15 18:00:00.000,2022-02-08,2022-02-08,2022-02-16,Aprovado,Geografia,Sim,2022-04-29
283,2022-02-09 18:57:52.000,412,2022-02-10 10:00:00.000,2022-02-10,2022-02-15,2022-03-07,Aprovado,Geografia,Sim,2022-04-29
284,2022-02-10 22:00:05.000,413,2022-02-18 17:00:00.000,2022-02-10,2022-02-11,2022-02-25,Aprovado,Geografia,Sim,2022-04-28
288,2022-02-15 19:28:14.000,417,2022-03-08 16:00:00.000,2022-02-16,2022-02-18,2022-04-11,Aprovado,Geografia,Sim,2022-05-25
289,2022-02-18 13:17:15.000,421,2022-02-25 17:00:00.000,2022-02-18,2022-02-18,2022-04-04,Aprovado,Geografia,Sim,2022-05-18
290,2022-02-18 18:20:46.000,423,2022-02-25 18:15:00.000,2022-02-18,2022-03-03,,Aprovado C/ Correções,Geografia,Não,
291,2022-02-18 19:28:01.000,422,2022-02-25 18:00:00.000,2022-02-20,2022-02-20,2022-04-19,Aprovado,Geografia,Sim,2022-05-18
292,2022-02-18 20:07:18.000,341,2021-11-29 14:00:00.000,2022-03-08,2022-03-08,2022-06-20,Aprovado,Geografia,Sim,2022-06-22
293,2022-02-21 19:55:05.000,424,2022-03-04 20:00:00.000,2022-02-22,2022-02-22,2022-05-03,Aprovado,Geografia,Sim,2022-05-20
294,2022-02-22 05:58:18.000,425,2022-02-24 18:00:00.000,2022-05-10,2022-05-10,2022-05-10,Aprovado,Geografia,Sim,2022-05-19
295,2022-02-23 00:42:13.000,203,2022-02-28 10:00:00.000,2022-02-25,2022-03-08,2022-03-08,Aprovado,Geografia,Sim,2022-05-19
296,2022-02-23 18:42:00.000,426,2022-03-04 14:00:00.000,2022-02-23,2022-02-23,2022-03-16,Aprovado,Geografia,Sim,2022-05-20
297,2022-02-24 12:41:44.000,419,2022-02-16 14:30:00.000,2022-02-24,2022-03-07,,Aprovado C/ Correções,Geografia,Não,
298,2022-02-24 22:50:33.000,428,2022-02-24 22:43:00.000,2022-02-24,2022-02-25,,Aprovado C/ Correções,Geografia,Não,
299,2022-03-01 00:26:07.000,344,2022-03-14 15:00:00.000,2022-03-01,2022-03-28,2022-04-08,Aprovado,Geografia,Sim,2022-05-25
300,2022-03-01 17:32:45.000,411,2022-03-08 16:00:00.000,2022-03-01,2022-03-02,2022-04-18,Aprovado,Geografia,Sim,2022-05-21
301,2022-03-01 22:23:32.000,430,2022-03-07 18:00:00.000,2022-05-27,2022-05-27,2022-05-27,Aprovado,Geografia,Sim,2022-05-27
302,2022-03-01 23:11:06.000,431,2022-03-03 19:00:00.000,2022-03-02,2022-03-02,2022-03-07,Aprovado,Geografia,Sim,2022-04-28
303,2022-03-02 19:07:10.000,432,2022-03-09 19:00:00.000,2022-03-02,2022-03-14,2022-04-19,Aprovado,Geografia,Sim,2022-05-21
304,2022-03-03 13:14:54.000,433,2022-03-09 12:50:00.000,2022-03-04,2022-03-05,2022-03-10,Aprovado,Geografia,Sim,2022-05-21
305,2022-03-03 15:00:13.000,434,2022-03-09 17:00:00.000,2022-03-03,2022-03-03,2022-03-09,Aprovado,Geografia,Sim,2022-05-21
307,2022-03-03 20:15:31.000,436,2022-02-23 18:00:00.000,2022-03-03,2022-03-07,2022-03-07,Aprovado,Geografia,Sim,2022-04-28
309,2022-03-04 14:15:13.000,429,2022-03-09 17:00:00.000,2022-05-17,2022-06-02,2022-06-02,Aprovado,Geografia,Sim,2022-06-24
310,2022-03-04 17:25:59.000,437,2022-03-09 18:00:00.000,2022-03-04,2022-03-04,,Aprovado C/ Correções,Geografia,Não,
311,2022-03-06 21:01:48.000,440,2022-03-30 18:00:00.000,2022-06-06,2022-06-06,2022-06-06,Aprovado,Geografia,Sim,2022-06-24
312,2022-03-07 14:28:13.000,441,2022-03-09 18:00:00.000,2022-06-03,2022-06-09,2022-06-09,Aprovado,Geografia,Sim,2022-06-09
313,2022-03-09 00:01:07.000,444,2022-03-09 12:00:00.000,2022-03-09,2022-03-09,2022-03-16,Aprovado,Geografia,Sim,2022-05-21
314,2022-03-09 14:35:58.000,442,2022-03-09 14:32:00.000,2022-05-11,2022-05-11,2022-05-11,Aprovado,Geografia,Sim,2022-06-24
315,2022-03-09 16:16:27.000,443,2022-03-09 18:00:00.000,2022-03-09,2022-03-11,2022-03-11,Aprovado,Geografia,Sim,2022-05-21
316,2022-03-09 18:32:42.000,447,2022-03-09 18:21:00.000,2022-03-09,2022-03-11,2022-06-03,Aprovado,Geografia,Sim,2022-06-24
317,2022-03-09 18:36:42.000,446,2022-03-09 12:00:00.000,2022-03-09,2022-03-09,,Aprovado C/ Correções,Geografia,Não,
318,2022-03-09 19:11:50.000,448,2022-03-09 19:00:00.000,2022-05-23,2022-05-23,2022-05-23,Aprovado,Geografia,Sim,2022-05-25
319,2022-03-09 23:16:32.000,410,2022-05-10 18:00:00.000,2022-04-28,2022-05-24,2022-06-01,Aprovado,Geografia,Sim,2022-07-22
321,2022-03-10 00:35:32.000,449,2022-03-09 18:00:00.000,2022-03-10,2022-03-11,2022-03-11,Aprovado,Geografia,Sim,2022-05-21
322,2022-03-10 23:53:05.000,451,2022-03-11 13:00:00.000,2022-03-11,2022-03-11,2022-03-11,Aprovado,Geografia,Sim,2022-05-21
324,2022-03-12 19:18:39.000,450,2022-03-12 19:16:00.000,2022-03-12,2022-03-16,2022-03-28,Aprovado,Geografia,Sim,2022-06-10
325,2022-03-15 20:42:38.000,407,2022-03-28 16:30:00.000,2022-06-30,2022-06-30,2022-06-30,Aprovado,Geografia,Sim,2022-07-15
326,2022-03-19 08:26:07.000,453,2022-03-07 14:00:00.000,2022-04-01,2022-04-01,2022-04-01,Aprovado,Geografia,Sim,2022-05-25
327,2022-03-22 17:40:31.000,456,2022-04-26 17:00:00.000,2022-03-25,2022-03-25,2022-05-01,Aprovado,Letras,Sim,2022-06-22
330,2022-03-25 19:46:22.000,459,2022-04-01 12:00:00.000,2022-03-25,2022-03-25,,Aprovado C/ Correções,Geografia,Não,
331,2022-03-25 21:45:36.000,460,2022-04-10 22:00:00.000,2022-03-25,2022-03-25,2022-06-27,Aprovado,Geografia,Sim,2022-07-18
332,2022-03-31 14:48:28.000,463,2022-04-12 13:43:00.000,2022-04-01,2022-04-04,2022-06-13,Aprovado,Geografia,Sim,2022-07-22
333,2022-04-01 19:26:02.000,462,2021-08-20 14:00:00.000,2022-04-06,2022-04-06,2022-04-06,Aprovado,Letras,Sim,2022-04-28
334,2022-04-03 00:00:25.000,464,2022-04-02 00:00:00.000,2022-06-30,2022-06-30,,Aprovado C/ Correções,Geografia,Não,
335,2022-04-04 12:19:24.000,465,2022-04-04 17:30:00.000,2022-08-02,2022-08-02,,Aprovado C/ Correções,Geografia,Não,
336,2022-04-04 15:12:52.000,466,2022-04-11 15:00:00.000,2022-04-04,2022-04-05,2022-04-11,Aprovado,Geografia,Sim,2022-06-22
337,2022-04-04 20:23:08.000,467,2022-04-06 17:00:00.000,2022-04-05,2022-04-05,2022-04-07,Aprovado,Geografia,Sim,2022-06-09
338,2022-04-04 22:17:30.000,468,2022-04-08 22:13:00.000,2022-04-04,2022-04-07,2022-04-07,Aprovado,Geografia,Sim,2022-06-09
339,2022-04-05 20:32:46.000,469,2022-04-04 12:00:00.000,2022-04-05,2022-04-08,2022-04-12,Aprovado,Geografia,Sim,2022-06-09
340,2022-04-12 18:42:43.000,470,2022-04-13 15:00:00.000,2022-04-25,2022-04-26,2022-04-26,Aprovado,Geografia,Sim,2022-06-22
341,2022-04-13 03:56:06.000,461,2022-04-09 08:30:00.000,2022-04-13,2022-04-13,2022-04-13,Aprovado,Geografia,Sim,2022-06-09
342,2022-04-19 13:27:43.000,182,2021-03-22 13:18:00.000,2022-04-19,2022-04-21,2022-04-21,Aprovado,Geografia,Sim,2022-04-28
343,2022-04-19 14:43:19.000,472,2021-02-18 18:00:00.000,2022-04-19,2022-04-19,2022-04-19,Aprovado,Curso não localizado,Sim,2022-04-19
345,2022-04-25 17:46:14.000,474,2022-02-25 14:00:00.000,2022-04-26,2022-04-26,2022-04-26,Aprovado,Geografia,Sim,2022-05-18
346,2022-04-26 12:27:29.000,475,2021-02-16 10:00:00.000,2022-04-26,2022-04-26,2022-04-26,Aprovado,Curso não localizado,Sim,2022-04-28
347,2022-04-26 14:34:55.000,476,2021-02-02 14:00:00.000,2022-04-26,2022-04-26,2022-04-26,Aprovado,Curso não localizado,Sim,2022-04-28
349,2022-04-29 20:42:56.000,479,2022-04-29 20:31:00.000,2022-06-30,2022-06-30,2022-07-13,Aprovado,Geografia,Sim,2022-07-22
350,2022-04-30 00:44:03.000,480,2022-05-19 19:00:00.000,2022-05-19,2022-06-15,2022-06-15,Aprovado,Geografia,Sim,2022-08-11
351,2022-05-04 22:07:08.000,455,2022-03-21 18:00:00.000,2022-05-04,2022-05-05,2022-05-05,Aprovado,Geografia,Sim,2022-05-21
352,2022-05-05 19:34:05.000,482,2022-05-04 19:30:00.000,2022-05-05,,,Em Elaboração,Letras,Não,
353,2022-05-05 20:15:59.000,478,2022-05-27 14:00:00.000,2022-05-19,2022-06-22,2022-06-22,Aprovado,Geografia,Sim,2022-08-11
355,2022-05-16 15:13:17.000,483,2022-05-17 17:00:00.000,2022-05-17,2022-05-17,2022-05-17,Aprovado,Geografia,Sim,2022-11-22
356,2022-05-18 23:38:34.000,484,2022-05-20 23:33:00.000,2022-05-19,2022-05-19,2022-06-14,Aprovado,Geografia,Sim,2022-08-11
357,2022-05-29 19:14:44.000,487,2022-05-30 14:00:00.000,2022-05-29,2022-06-30,2022-07-27,Aprovado,Curso não localizado,Sim,2022-08-11
358,2022-06-01 14:08:33.000,486,2022-06-17 14:30:00.000,,,,Em Elaboração,Curso não localizado,Não,
359,2022-06-01 14:30:02.000,490,2022-06-17 14:30:00.000,2022-06-01,2022-06-02,2022-06-25,Aprovado,Letras,Sim,2022-10-11
360,2022-06-13 20:47:44.000,492,2020-03-11 14:00:00.000,2022-06-13,2022-06-13,2022-06-13,Aprovado,Curso não localizado,Sim,2022-06-22
361,2022-06-15 20:56:24.000,494,2022-06-27 16:00:00.000,2022-06-16,2022-06-29,2022-08-08,Aprovado,Geografia,Sim,2023-01-04
362,2022-06-20 11:23:23.000,493,2022-06-27 13:00:00.000,2022-06-20,2022-06-20,2022-06-27,Aprovado,Geografia,Sim,2022-10-11
363,2022-06-22 06:57:41.000,378,2022-08-12 17:00:00.000,2022-08-12,2022-08-19,2022-08-19,Aprovado,Geografia,Sim,2022-10-13
364,2022-07-04 18:19:30.000,501,2022-07-19 14:00:00.000,2022-08-31,2022-08-31,,Aprovado C/ Correções,Geografia,Não,
365,2022-07-05 00:54:53.000,503,2022-07-26 17:00:00.000,2022-07-05,2022-07-13,2022-09-22,Aprovado,Geografia,Sim,2022-10-31
366,2022-07-06 12:08:50.000,506,2022-07-13 14:00:00.000,2022-07-06,2022-07-06,2022-07-18,Aprovado,Geografia,Sim,2022-10-11
367,2022-07-11 23:20:32.000,505,2022-08-02 17:00:00.000,2022-07-11,2022-07-13,2022-08-10,Aprovado,Geografia,Sim,2022-10-11
368,2022-07-18 14:40:07.000,512,2022-08-05 14:31:00.000,2022-07-18,2022-07-18,,Aprovado C/ Correções,Geografia,Não,
369,2022-07-20 14:08:43.000,508,2022-08-29 17:00:00.000,2022-09-09,2022-09-09,2022-09-09,Aprovado,Geografia,Sim,2022-10-31
370,2022-07-20 21:32:31.000,509,2022-07-29 10:00:00.000,2022-07-20,2022-07-26,2022-07-29,Aprovado,Geografia,Sim,2022-10-11
371,2022-07-21 14:37:30.000,517,2022-07-26 16:00:00.000,2022-07-22,2022-07-22,2022-08-15,Aprovado,Geografia,Sim,2022-10-11
372,2022-07-21 14:47:57.000,511,2022-08-01 18:00:00.000,2022-07-21,2022-07-21,2022-08-01,Aprovado,Geografia,Sim,2022-10-11
373,2022-07-22 19:06:41.000,518,2022-08-02 17:00:00.000,2022-07-22,2022-07-25,2022-09-04,Aprovado,Geografia,Sim,2022-10-13
374,2022-07-22 20:49:22.000,489,2022-08-02 17:30:00.000,2022-07-22,2022-07-25,2022-07-29,Aprovado,Geografia,Sim,2022-10-11
375,2022-07-26 20:51:44.000,504,2022-08-02 19:00:00.000,2022-07-26,2022-07-27,2022-08-15,Aprovado,Geografia,Sim,2022-10-11
376,2022-07-28 16:56:32.000,510,2022-08-16 15:00:00.000,2022-07-28,2022-07-28,2023-06-16,Aprovado,Geografia,Sim,2023-06-22
378,2022-07-30 15:34:07.000,519,2022-08-10 16:00:00.000,2022-08-01,2022-08-02,2022-08-10,Aprovado,Geografia,Sim,2022-10-11
379,2022-08-01 13:04:43.000,516,2022-08-10 14:00:00.000,2022-08-01,2022-08-01,2022-08-25,Aprovado,Geografia,Sim,2022-10-13
380,2022-08-02 04:54:06.000,521,2022-08-11 23:59:00.000,2022-08-02,2022-08-09,2022-08-22,Aprovado,Geografia,Sim,2022-10-13
381,2022-08-02 11:46:35.000,498,2020-03-16 11:30:00.000,2022-09-02,2022-09-02,2023-01-30,Aprovado,Geografia,Sim,2023-02-03
382,2022-08-03 12:56:32.000,522,2022-08-11 14:30:00.000,2022-11-03,2022-11-03,2022-11-03,Aprovado,Geografia,Sim,2022-11-16
383,2022-08-03 19:27:47.000,523,2022-08-11 14:00:00.000,2022-08-03,2022-08-12,,Aprovado C/ Correções,Geografia,Não,
384,2022-08-03 23:31:12.000,507,2022-08-12 16:50:00.000,2022-08-05,2022-08-05,2023-02-23,Aprovado,Geografia,Sim,2023-02-27
385,2022-08-08 15:15:05.000,527,2022-08-29 14:30:00.000,2022-08-23,2022-11-04,2022-11-04,Aprovado,Geografia,Sim,2023-08-04
386,2022-08-08 20:10:45.000,529,2022-08-10 14:00:00.000,2022-08-08,2022-08-12,2022-10-05,Aprovado,Geografia,Sim,2022-10-31
387,2022-08-09 12:02:06.000,524,2022-08-26 14:00:00.000,2022-08-09,2022-08-31,2022-09-06,Aprovado,Geografia,Sim,2022-10-31
388,2022-08-09 12:56:35.000,520,2022-08-11 15:00:00.000,2022-08-09,2022-08-10,2022-10-19,Aprovado,Geografia,Sim,2022-11-01
389,2022-08-10 14:16:43.000,530,2022-08-12 14:30:00.000,2022-08-21,2022-08-22,2022-08-22,Aprovado,Geografia,Sim,2022-10-13
390,2022-08-10 16:03:28.000,531,2022-08-31 10:00:00.000,2022-08-10,2022-08-31,2022-08-31,Aprovado,Geografia,Sim,2022-10-31
391,2022-08-11 02:34:29.000,526,2022-08-11 15:00:00.000,2022-08-11,2022-08-12,2022-10-21,Aprovado,Geografia,Sim,2022-11-01
392,2022-08-16 00:17:35.000,533,2022-08-31 12:00:00.000,2022-08-16,2022-08-16,2022-09-02,Aprovado,Geografia,Sim,2022-10-31
393,2022-08-19 20:15:23.000,532,2022-09-05 20:06:00.000,2022-08-19,2022-09-05,2022-09-05,Aprovado,Geografia,Sim,2022-11-16
394,2022-08-19 23:11:01.000,528,2022-09-05 14:00:00.000,2022-10-13,2022-10-13,2022-10-13,Aprovado,Geografia,Sim,2022-11-08
395,2022-08-23 11:34:21.000,495,2022-09-10 14:00:00.000,2022-08-30,2022-09-05,2022-09-20,Aprovado,Geografia,Sim,2022-11-16
396,2022-08-23 12:48:19.000,534,2022-08-30 16:00:00.000,2022-08-23,2022-09-05,2022-09-05,Aprovado,Geografia,Sim,2022-10-31
397,2022-08-26 00:36:22.000,263,2022-08-31 19:30:00.000,2023-01-13,2023-01-14,2023-01-14,Aprovado,Geografia,Sim,2023-01-16
398,2022-08-27 04:30:02.000,535,2022-09-05 18:00:00.000,2022-08-27,2022-09-05,2022-09-19,Aprovado,Geografia,Sim,2022-11-16
399,2022-08-30 16:54:02.000,537,2022-09-12 12:00:00.000,2022-08-31,2022-08-31,2022-11-10,Aprovado,Geografia,Sim,2022-11-16
400,2022-09-01 14:05:53.000,538,2022-09-01 13:48:00.000,2022-09-01,2022-09-01,2022-09-06,Aprovado,Geografia,Sim,2022-10-31
401,2022-09-08 16:14:26.000,540,2022-09-12 19:00:00.000,2022-12-20,2023-01-04,,Aprovado C/ Correções,Geografia,Não,
402,2022-09-12 02:56:12.000,541,2022-09-12 09:00:00.000,2022-09-12,2022-09-13,2023-02-02,Aprovado,Geografia,Sim,2023-02-03
403,2022-09-13 19:09:08.000,542,2022-09-15 16:00:00.000,2022-09-13,2022-09-13,,Aprovado C/ Correções,Geografia,Não,
404,2022-09-29 17:37:10.000,471,2022-09-26 15:00:00.000,2022-09-30,2022-09-30,2022-09-30,Aprovado,Geografia,Sim,2022-12-01
405,2022-09-30 17:43:38.000,500,2022-06-28 13:00:00.000,2022-09-30,2022-09-30,2022-10-07,Aprovado,Geografia,Sim,2022-11-01
407,2022-10-06 20:31:36.000,545,2022-10-06 20:25:00.000,2022-10-06,2022-10-06,2022-10-14,Aprovado,Curso não localizado,Sim,2022-12-07
408,2022-10-14 15:57:44.000,485,2022-10-21 10:00:00.000,2022-10-17,2022-10-26,2022-11-11,Aprovado,Curso não localizado,Sim,2022-12-22
409,2022-10-14 19:12:06.000,547,2022-10-24 15:30:00.000,2022-10-29,2022-10-29,2022-10-29,Aprovado,Geografia,Sim,2023-01-02
410,2022-10-15 15:47:42.000,550,2022-10-31 12:00:00.000,2022-10-15,2022-10-21,2022-12-12,Aprovado,Geografia,Sim,2023-01-03
411,2022-10-19 21:13:25.000,551,2020-03-16 11:00:00.000,2022-10-27,2022-10-27,2022-10-27,Aprovado,Curso não localizado,Sim,2022-11-01
412,2022-10-26 01:13:17.000,553,2022-11-22 10:00:00.000,2022-11-07,2022-11-07,2023-03-16,Aprovado,Geografia,Sim,2023-03-20
413,2022-11-07 19:19:24.000,554,2022-11-23 18:00:00.000,2022-11-07,2022-11-08,2023-01-17,Aprovado,Geografia,Sim,2023-01-17
414,2022-11-22 18:45:09.000,558,2022-02-07 14:00:00.000,2022-11-22,2022-11-29,2022-11-29,Aprovado,Letras,Sim,2022-11-30
415,2022-11-30 00:21:20.000,562,2022-12-12 18:00:00.000,2022-11-30,2022-12-06,2022-12-13,Aprovado,Geografia,Sim,2023-02-23
416,2022-12-03 01:05:28.000,563,2022-12-13 14:00:00.000,2022-12-05,2022-12-05,,Aprovado C/ Correções,Geografia,Não,
417,2022-12-07 22:38:49.000,555,2022-12-19 19:00:00.000,2022-12-14,2022-12-14,2022-12-19,Aprovado,Geografia,Sim,2023-02-27
418,2022-12-14 05:01:15.000,566,2022-12-19 17:00:00.000,2022-12-14,2022-12-14,2022-12-19,Aprovado,Geografia,Sim,2023-02-23
419,2022-12-14 22:43:24.000,565,2023-01-10 22:12:00.000,2022-12-20,2022-12-21,2023-01-15,Aprovado,Geografia,Sim,2023-03-15
420,2022-12-16 12:38:32.000,568,2023-01-15 00:00:00.000,2022-12-20,2022-12-21,2023-03-12,Aprovado,Geografia,Sim,2023-03-17
421,2022-12-19 03:35:15.000,567,2022-12-19 10:00:00.000,2022-12-19,2023-03-03,2023-03-03,Aprovado,Geografia,Sim,2023-07-13
422,2022-12-19 12:12:34.000,569,2023-01-15 20:00:00.000,2022-12-19,2022-12-19,2023-02-27,Aprovado,Geografia,Sim,2023-03-17
423,2022-12-19 16:39:16.000,571,2022-12-21 16:21:00.000,2022-12-21,2022-12-21,2023-02-13,Aprovado,Geografia,Sim,2023-02-27
424,2022-12-20 18:27:01.000,581,2022-12-20 18:24:00.000,2022-12-22,2022-12-22,2022-12-27,Aprovado,Geografia,Sim,2023-02-27
425,2022-12-21 21:38:59.000,202,2023-01-16 20:30:00.000,2022-12-21,2022-12-21,2023-09-27,Aprovado,Curso não localizado,Não,
426,2022-12-21 22:14:53.000,587,2023-01-16 20:30:00.000,2022-12-21,2023-03-14,2023-03-14,Aprovado,Geografia,Sim,2023-03-17
427,2022-12-22 19:29:16.000,588,2022-12-07 19:00:00.000,2023-01-17,2023-01-17,2023-01-17,Aprovado,Curso não localizado,Sim,2023-02-23
428,2023-01-05 14:06:25.000,592,2023-01-05 13:56:00.000,2023-01-05,2023-01-05,2023-01-17,Aprovado,Geografia,Sim,2023-03-06
429,2023-01-05 22:43:04.000,593,2023-01-05 20:13:00.000,2023-01-05,2023-01-06,2023-01-14,Aprovado,Geografia,Sim,2023-03-06
430,2023-01-06 21:11:36.000,594,2023-01-17 14:00:00.000,2023-01-07,2023-01-07,2023-03-03,Aprovado,Geografia,Sim,2023-03-20
431,2023-01-10 19:49:03.000,600,2023-01-31 15:00:00.000,2023-01-10,2023-01-10,2023-04-04,Aprovado,Geografia,Sim,2023-04-20
432,2023-01-10 22:27:13.000,597,2023-01-10 22:27:00.000,2023-01-10,2023-01-11,2023-02-03,Aprovado,Geografia,Sim,2023-03-15
433,2023-01-10 23:40:44.000,601,2023-01-23 10:00:00.000,2023-01-10,2023-01-11,,Em Avaliação,Geografia,Não,
434,2023-01-13 21:37:26.000,604,2023-02-17 12:00:00.000,2023-02-14,2023-02-14,2023-02-23,Aprovado,Geografia,Sim,2023-04-20
435,2023-01-14 17:45:53.000,605,2023-01-20 14:00:00.000,2023-01-14,2023-01-14,2023-01-20,Aprovado,Geografia,Sim,2023-03-20
437,2023-01-14 18:29:56.000,602,2023-02-15 16:00:00.000,2023-01-16,2023-01-16,2023-02-28,Aprovado,Geografia,Sim,2023-04-20
438,2023-01-14 19:59:44.000,606,2023-01-26 20:00:00.000,2023-01-17,2023-01-20,2023-01-27,Aprovado,Geografia,Sim,2023-04-20
440,2023-01-18 19:25:18.000,608,2023-01-19 18:00:00.000,2023-01-18,2023-01-20,2023-01-20,Aprovado,Geografia,Sim,2023-03-20
441,2023-01-20 18:18:16.000,612,2023-01-20 15:00:00.000,2023-01-20,2023-01-20,2023-01-20,Aprovado,Geografia,Sim,2023-03-20
442,2023-01-23 16:48:01.000,611,2023-02-24 09:00:00.000,2023-02-06,2023-03-15,2023-04-26,Aprovado,Geografia,Sim,2023-05-24
443,2023-01-23 23:12:06.000,559,2023-02-15 12:00:00.000,2023-01-26,2023-01-27,2023-02-16,Aprovado,Geografia,Sim,2023-04-20
444,2023-01-28 22:33:21.000,613,2023-02-06 14:00:00.000,2023-02-06,2023-02-06,2023-02-09,Aprovado,Geografia,Sim,2023-04-20
446,2023-01-30 13:45:40.000,615,2023-02-15 18:00:00.000,2023-01-30,2023-01-31,2023-03-15,Aprovado,Geografia,Sim,2023-04-20
447,2023-01-30 19:03:35.000,616,2019-12-18 18:59:00.000,2023-01-30,2023-01-30,2023-01-30,Aprovado,Curso não localizado,Sim,2023-01-30
448,2023-01-31 22:26:09.000,617,2023-01-31 22:00:00.000,2023-01-31,2023-02-01,2023-02-16,Aprovado,Geografia,Sim,2023-05-11
450,2023-02-01 19:08:46.000,513,2023-02-23 14:00:00.000,2023-02-01,2023-02-01,,Aprovado C/ Correções,Geografia,Não,
451,2023-02-02 01:17:14.000,619,2023-02-15 01:10:00.000,2023-02-02,2023-02-02,2023-04-11,Aprovado,Geografia,Sim,2023-04-20
452,2023-02-03 17:22:58.000,618,2023-02-23 14:30:00.000,2023-02-03,2023-02-03,2023-02-23,Aprovado,Geografia,Sim,2023-04-24
453,2023-02-06 16:09:00.000,621,2023-02-20 15:15:00.000,2023-02-06,2023-02-17,2023-02-22,Aprovado,Geografia,Sim,2023-04-20
454,2023-02-07 16:00:14.000,224,2020-03-17 14:25:00.000,2023-03-23,2023-03-23,2023-03-25,Aprovado,Curso não localizado,Sim,2023-03-29
455,2023-02-07 20:49:25.000,624,2023-02-07 00:00:00.000,2023-02-07,2023-02-09,2023-02-16,Aprovado,Geografia,Sim,2023-04-20
456,2023-02-07 22:14:23.000,623,2023-02-16 16:00:00.000,2023-02-07,2023-02-07,2023-02-16,Aprovado,Geografia,Sim,2023-04-20
458,2023-02-08 23:41:08.000,626,2023-02-16 10:00:00.000,2023-02-08,2023-02-08,2023-02-16,Aprovado,Geografia,Sim,2023-04-20
459,2023-02-09 01:14:41.000,603,2023-02-15 14:00:00.000,2023-02-24,2023-02-24,2023-02-24,Aprovado,Geografia,Sim,2023-04-20
460,2023-02-09 19:15:30.000,627,2023-02-27 19:00:00.000,2023-02-09,2023-02-09,2023-03-03,Aprovado,Geografia,Sim,2023-05-02
462,2023-02-10 14:43:04.000,629,2023-02-17 14:00:00.000,2023-02-10,2023-02-10,2023-04-24,Aprovado,Geografia,Sim,2023-05-24
463,2023-02-10 20:33:11.000,631,2023-02-22 20:27:00.000,2023-02-14,2023-02-15,,Aprovado C/ Correções,Geografia,Não,
464,2023-02-11 01:47:32.000,630,2023-02-13 12:00:00.000,2023-02-11,2023-02-14,2023-03-08,Aprovado,Geografia,Sim,2023-04-20
465,2023-02-12 20:53:54.000,614,2023-02-23 16:30:00.000,2023-02-12,2023-02-12,,Aprovado C/ Correções,Geografia,Não,
466,2023-02-13 18:34:57.000,622,2023-02-24 18:00:00.000,2023-02-13,2023-03-23,,Aprovado C/ Correções,Geografia,Não,
467,2023-02-13 18:54:11.000,607,2023-02-23 18:00:00.000,2023-02-17,2023-02-17,2023-03-30,Aprovado,Geografia,Sim,2023-04-24
468,2023-02-13 22:24:43.000,632,2023-02-15 19:00:00.000,2023-02-14,2023-02-15,2023-03-07,Aprovado,Geografia,Sim,2023-04-20
469,2023-02-14 00:01:56.000,639,2023-02-24 13:00:00.000,2023-02-14,2023-02-14,2023-04-28,Aprovado,Geografia,Sim,2023-05-24
470,2023-02-14 01:09:18.000,628,2023-02-22 18:00:00.000,2023-02-24,2023-02-24,,Aprovado C/ Correções,Geografia,Não,
471,2023-02-14 14:28:02.000,640,2023-02-14 14:25:00.000,2023-02-14,2023-02-15,2023-02-15,Aprovado,Curso não localizado,Sim,2023-04-20
472,2023-02-14 19:53:22.000,641,2023-03-03 15:00:00.000,2023-02-16,2023-02-16,2023-07-03,Aprovado,Geografia,Sim,2023-07-13
473,2023-02-15 17:18:08.000,643,2023-02-23 14:00:00.000,2023-02-22,2023-02-22,,Aprovado C/ Correções,Geografia,Não,
474,2023-02-15 18:31:29.000,645,2023-02-23 14:00:00.000,2023-02-15,2023-02-15,2023-02-24,Aprovado,Geografia,Sim,2023-04-24
475,2023-02-16 00:04:37.000,620,2023-02-24 16:00:00.000,2023-02-24,2023-02-24,,Aprovado C/ Correções,Geografia,Não,
476,2023-02-16 01:21:30.000,644,2023-02-23 12:30:00.000,2023-02-16,2023-02-16,2023-02-23,Aprovado,Geografia,Sim,2023-04-24
477,2023-02-16 22:04:04.000,649,2023-02-23 16:00:00.000,2023-02-17,2023-02-19,2023-02-24,Aprovado,Geografia,Sim,2023-04-24
478,2023-02-17 13:22:31.000,650,2023-02-23 17:00:00.000,2023-02-17,2023-03-07,2023-03-07,Aprovado,Geografia,Sim,2023-04-24
479,2023-02-17 18:44:13.000,651,2023-02-23 17:00:00.000,2023-02-17,2023-02-17,2023-02-27,Aprovado,Geografia,Sim,2023-04-24
480,2023-02-18 00:47:15.000,647,2023-02-24 16:00:00.000,2023-02-18,2023-02-18,2023-02-27,Aprovado,Geografia,Sim,2023-04-24
481,2023-02-18 02:57:00.000,633,2023-02-23 14:00:00.000,2023-04-27,2023-04-27,2023-04-27,Aprovado,Geografia,Sim,2023-05-24
482,2023-02-18 18:34:35.000,653,2023-02-18 18:27:00.000,2023-02-18,2023-02-18,2023-04-25,Aprovado,Geografia,Sim,2023-05-24
483,2023-02-21 02:34:15.000,655,2023-02-24 16:00:00.000,2023-02-21,2023-03-07,2023-03-07,Aprovado,Geografia,Sim,2023-04-26
484,2023-02-22 22:07:24.000,646,2023-02-24 19:30:00.000,2023-02-22,2023-03-16,2023-03-16,Aprovado,Geografia,Sim,2023-04-26
485,2023-02-23 19:32:32.000,656,2023-02-24 18:00:00.000,2023-02-24,2023-02-24,2023-02-25,Aprovado,Geografia,Sim,2023-04-26
486,2023-02-23 20:51:40.000,652,2023-02-24 20:00:00.000,2023-02-24,2023-02-24,2023-03-17,Aprovado,Geografia,Sim,2023-04-26
487,2023-02-27 14:40:30.000,671,2023-03-13 14:00:00.000,2023-03-01,2023-03-01,2023-03-13,Aprovado,Geografia,Sim,2023-05-24
488,2023-03-02 13:46:10.000,673,2023-03-17 13:43:00.000,2023-03-02,2023-03-29,2023-05-11,Aprovado,Geografia,Sim,2023-05-24
489,2023-03-07 00:57:16.000,536,2023-03-17 23:59:00.000,2023-03-07,2023-03-15,2023-03-15,Aprovado,Geografia,Sim,2023-05-24
490,2023-03-07 21:50:55.000,676,2023-03-24 12:00:00.000,2023-03-07,2023-03-07,2023-03-19,Aprovado,Geografia,Sim,2023-05-24
491,2023-03-08 03:17:15.000,672,2023-02-23 21:37:00.000,2023-03-08,2023-03-16,2023-03-16,Aprovado,Geografia,Sim,2023-04-24
492,2023-03-08 15:09:24.000,670,2023-02-24 14:51:00.000,2023-03-08,2023-03-20,2023-03-20,Aprovado,Geografia,Sim,2023-04-24
493,2023-03-09 16:05:39.000,675,2023-04-03 15:00:00.000,2023-03-14,2023-05-17,2023-05-19,Aprovado,Geografia,Sim,2023-06-22
494,2023-03-09 17:56:47.000,677,2023-03-24 17:34:00.000,2023-03-09,2023-03-09,2023-03-27,Aprovado,Geografia,Sim,2023-05-24
495,2023-03-13 17:56:10.000,678,2023-03-24 18:00:00.000,2023-04-12,2023-05-15,2023-05-15,Aprovado,Geografia,Sim,2023-05-24
496,2023-03-20 18:05:00.000,513,2023-03-20 17:49:00.000,2023-03-20,,,Em Elaboração,Geografia,Não,
497,2023-03-26 22:19:16.000,680,2023-04-10 10:00:00.000,2023-07-03,2023-07-03,2023-07-03,Aprovado,Geografia,Sim,2023-07-03
499,2023-04-02 22:52:44.000,356,2023-04-10 18:00:00.000,2023-04-02,2023-04-05,2023-05-19,Aprovado,Geografia,Sim,2023-06-22
500,2023-04-03 00:01:44.000,687,2023-04-10 15:00:00.000,2023-04-04,2023-04-05,2023-06-05,Aprovado,Geografia,Sim,2023-06-22
501,2023-04-05 20:46:21.000,688,2023-04-13 18:30:00.000,2023-04-05,2023-04-20,2023-04-20,Aprovado,Geografia,Sim,2023-06-22
502,2023-04-09 02:17:33.000,689,2023-04-10 10:00:00.000,2023-04-09,2023-06-07,2023-06-12,Aprovado,Geografia,Sim,2023-06-22
503,2023-04-19 17:09:55.000,690,2023-05-03 18:00:00.000,2023-04-26,2023-04-26,,Aprovado C/ Correções,Curso não localizado,Não,
504,2023-04-19 20:45:40.000,686,2023-03-24 14:00:00.000,2023-04-19,2023-05-08,2023-05-22,Aprovado,Geografia,Sim,2023-05-24
506,2023-05-10 00:23:08.000,691,2023-05-10 00:13:00.000,2023-05-10,2023-05-11,,Aprovado C/ Correções,Geografia,Não,
507,2023-05-23 02:14:18.000,693,2023-06-05 18:00:00.000,2023-05-23,2023-05-23,,Aprovado C/ Correções,Geografia,Não,
508,2023-06-20 00:37:15.000,698,2023-06-28 14:00:00.000,2023-06-22,2023-06-22,2023-06-30,Aprovado,Geografia,Sim,2023-09-01
509,2023-06-20 11:56:35.000,699,2023-06-29 15:00:00.000,2023-09-05,2023-09-05,2023-09-06,Aprovado,Geografia,Não,
510,2023-06-20 19:24:54.000,209,2023-06-28 19:00:00.000,2023-06-20,2023-06-27,2023-06-30,Aprovado,Geografia,Não,
511,2023-07-03 16:07:44.000,701,2023-07-13 18:00:00.000,2023-07-03,2023-07-03,2023-08-28,Aprovado,Geografia,Não,
512,2023-07-05 23:45:20.000,700,2023-07-14 17:00:00.000,2023-09-12,2023-09-12,2023-09-27,Aprovado,Curso não localizado,Não,
513,2023-07-12 01:22:20.000,702,2023-07-14 14:00:00.000,2023-07-14,2023-07-14,,Aprovado C/ Correções,Geografia,Não,
514,2023-07-14 23:42:25.000,704,2023-07-21 17:00:00.000,2023-07-14,2023-07-20,2023-07-21,Aprovado,Geografia,Não,
515,2023-07-15 01:25:18.000,703,2023-07-30 10:00:00.000,,,,Em Elaboração,Geografia,Não,
516,2023-07-15 01:25:39.000,703,2023-07-30 10:00:00.000,2023-07-15,2023-07-15,2023-09-04,Aprovado,Geografia,Não,
517,2023-07-21 13:32:58.000,707,2023-07-31 10:00:00.000,2023-07-21,2023-07-21,,Em Avaliação,Geografia,Não,
518,2023-07-21 21:14:18.000,708,2023-07-31 14:00:00.000,2023-07-21,2023-07-22,2023-07-31,Aprovado,Geografia,Não,
519,2023-07-22 01:07:33.000,709,2023-07-31 10:00:00.000,2023-07-22,2023-07-31,2023-07-31,Aprovado,Geografia,Não,
520,2023-07-22 02:52:32.000,710,2023-08-11 10:00:00.000,,,,Em Elaboração,Geografia,Não,
521,2023-07-24 18:53:27.000,711,2023-07-24 15:55:00.000,2023-07-24,2023-07-24,2023-08-21,Aprovado,Geografia,Não,
522,2023-07-31 19:52:25.000,712,2023-08-07 16:00:00.000,2023-08-01,2023-08-01,2023-08-07,Aprovado,Geografia,Não,
524,2023-08-09 13:26:27.000,714,2023-09-29 13:00:00.000,2023-08-11,2023-08-30,2023-08-30,Aprovado,Geografia,Não,
525,2023-08-14 21:30:48.000,716,2023-08-14 21:13:00.000,2023-08-14,2023-08-15,2023-08-16,Aprovado,Geografia,Não,
526,2023-08-15 18:34:54.000,715,2023-08-30 18:20:00.000,2023-08-15,2023-08-15,2023-08-21,Aprovado,Geografia,Não,
527,2023-08-16 00:32:33.000,717,2023-08-23 10:00:00.000,2023-08-16,2023-08-16,,Aprovado C/ Correções,Geografia,Não,
528,2023-08-18 21:15:03.000,713,2023-09-01 14:00:00.000,2023-08-18,2023-08-18,2023-09-01,Aprovado,Geografia,Não,
529,2023-08-21 02:28:09.000,718,2023-08-29 14:00:00.000,2023-08-21,2023-08-21,2023-08-31,Aprovado,Geografia,Não,
530,2023-08-21 22:50:36.000,488,2023-08-31 14:00:00.000,2023-08-21,2023-08-22,2023-08-31,Aprovado,Geografia,Não,
531,2023-08-23 17:06:27.000,720,2023-08-31 15:00:00.000,2023-08-23,2023-08-23,,Aprovado C/ Correções,Geografia,Não,
532,2023-08-24 21:49:57.000,705,2023-08-31 14:00:00.000,2023-08-24,2023-08-31,,Aprovado C/ Correções,Geografia,Não,
533,2023-08-26 11:54:40.000,722,2023-09-01 11:51:00.000,2023-08-26,2023-08-30,,Em Avaliação,Geografia,Não,
534,2023-08-29 23:28:41.000,725,2023-09-05 14:00:00.000,2023-08-29,2023-08-30,2023-09-06,Aprovado,Geografia,Não,
535,2023-08-30 01:45:48.000,723,2023-09-05 01:41:00.000,2023-08-30,2023-08-30,2023-09-06,Aprovado,Geografia,Não,
536,2023-08-31 23:32:21.000,726,2023-08-31 23:24:00.000,2023-08-31,2023-09-01,2023-09-04,Aprovado,Geografia,Não,
537,2023-09-03 17:19:59.000,727,2023-09-01 15:00:00.000,2023-09-06,2023-09-06,2023-09-06,Aprovado,Geografia,Não,
538,2023-09-04 21:41:16.000,244,2023-09-04 21:35:00.000,2023-09-04,,,Em Elaboração,Curso não localizado,Não,
539,2023-09-05 13:45:38.000,728,2023-09-11 13:23:00.000,2023-09-05,2023-09-05,2023-09-08,Aprovado,Geografia,Não,
540,2023-09-20 21:28:57.000,684,2023-09-20 18:00:00.000,2023-09-22,2023-09-22,2023-09-22,Aprovado,Geografia,Não,
541,2023-09-27 19:33:24.000,731,2023-09-26 19:00:00.000,2023-09-27,2023-09-28,,Aprovado C/ Correções,Geografia,Não,
542,2023-09-27 22:26:35.000,732,2023-09-27 19:30:00.000,2023-09-28,2023-09-28,2023-09-28,Aprovado,Geografia,Não,
